train_per_identity,total_train_samples,qsvm_accuracy,qsvm_train_ms,qsvm_predict_ms_per_sample,qft_cosine_accuracy,qft_cosine_predict_ms_per_sample,qrng_token_accuracy,qrng_token_predict_ms_per_sample
1,3,0.8333333333333334,13.267665985040367,3.5723708337172866,1.0,0.004856967522452275,0.9333333333333333,0.11803613160736859
2,6,0.9,42.60250000515953,7.061072200303897,1.0,0.004605531770115097,0.9333333333333333,0.20581250040171048
3,9,0.9,157.16916701057926,11.399215265798071,1.0,0.004573599047337969,0.9333333333333333,0.28417363452414673
4,12,0.9,312.7988330088556,22.742809700624395,1.0,0.004655567075436314,0.9333333333333333,0.4054346994962543
5,15,0.9,350.57445795973763,18.239297232745837,1.0,0.0046402662216375274,1.0,0.451400000990058
6,18,0.9666666666666667,367.45950003387406,20.005670832082007,1.0,0.004873599391430616,1.0,0.526436100093027
