train_per_identity,total_train_samples,qsvm_train_accuracy,qsvm_accuracy,qsvm_train_ms,qsvm_predict_ms_per_sample,qft_cosine_train_accuracy,qft_cosine_accuracy,qft_cosine_predict_ms_per_sample,qrng_token_train_accuracy,qrng_token_accuracy,qrng_token_predict_ms_per_sample,dual_qsvm_train_accuracy,dual_qsvm_accuracy,dual_qsvm_train_ms,dual_qsvm_predict_ms_per_sample,dual_score_fusion_train_accuracy,dual_score_fusion_accuracy,dual_score_fusion_predict_ms_per_sample,dual_qrng_token_train_accuracy,dual_qrng_token_accuracy,dual_qrng_token_predict_ms_per_sample
1,3,1.0,0.8333333333333334,13.420041999779642,3.4737555666652042,1.0,1.0,0.003213900102612873,1.0,0.9333333333333333,0.09869723338245724,1.0,0.9333333333333333,21.645792003255337,6.8980874998184545,1.0,1.0,0.005976366567968701,1.0,0.43333333333333335,0.09421946670045145
2,6,1.0,0.9,40.79954199551139,6.780412499938393,1.0,1.0,0.0032111000715910145,1.0,0.9333333333333333,0.18262223335720287,1.0,0.9666666666666667,84.2045839963248,13.7546819333996,1.0,1.0,0.006213866678687434,1.0,0.6,0.18126386664031693
3,9,1.0,0.9,90.76654100499582,10.256013900167696,1.0,1.0,0.003227766622633984,1.0,0.9333333333333333,0.29827779993259657,1.0,0.9666666666666667,195.9127919981256,21.63774306657918,1.0,1.0,0.006029166494651387,1.0,0.7333333333333333,0.2968541666632518
4,12,1.0,0.9,166.91975000139792,14.341569466826817,1.0,1.0,0.003245833310453842,1.0,0.9333333333333333,0.3235096999560483,1.0,0.9666666666666667,334.74708299763734,28.04440833327438,1.0,1.0,0.008993066876428202,1.0,0.7666666666666667,0.39677636668784544
5,15,1.0,0.9,271.4653750008438,17.08282916661119,1.0,1.0,0.003188866685377434,1.0,1.0,0.5128402997797821,1.0,0.9666666666666667,537.5317090001772,35.94895696660387,1.0,1.0,0.006619433406740427,1.0,0.9333333333333333,0.46079999980671954
6,18,1.0,0.9666666666666667,384.1697500029113,21.299575000011828,1.0,1.0,0.00318750001800557,1.0,1.0,0.49016526657699916,1.0,0.9666666666666667,754.9450830047135,41.262572200018134,1.0,1.0,0.006437500026853134,1.0,0.9333333333333333,0.5040180665673688
