model,train_accuracy,test_accuracy,train_samples,test_samples,identities,fit_ms,predict_ms_per_sample
QSVM,0.31666666666666665,0.075,60,40,10,3994.312875001924,69.3064020750171
QFT cosine,0.08333333333333333,0.2,60,40,10,0.0,0.004596670041792095
QRNG token proof,0.016666666666666666,0.0,60,40,10,0.0,0.9173741599806817
